frame,frame_ms,game_ms,gpu_ms
0,5.55,2.25,5.14
1,5.6,2.44,5.13
2,5.75,2.23,5.08
3,6.02,1.82,5.1
4,6.96,2.03,4.95
5,7.05,2.02,5.01
6,5.65,1.84,5.01
7,8.51,1.92,5
8,6,2.11,5.35
9,5.36,1.49,4.91
10,5.77,1.75,4.93
11,5.62,1.64,5.2
12,5.61,1.7,5.06
13,5.65,1.44,4.93
14,5.64,1.69,5.04
15,5.46,1.65,5.01
16,6.02,1.6,4.96
17,5.76,1.78,5.21
18,5.41,2.14,5.01
19,6.78,1.92,4.98
20,4.85,1.7,4.98
21,5.64,1.88,4.95
22,5.58,1.68,5.03
23,6.48,1.66,4.95
24,4.76,1.66,4.97
25,6.18,1.47,5.19
26,5.63,2.3,4.94
27,5.97,2.65,4.99
28,5.86,2.2,4.89
29,5.04,1.76,4.89
30,11.1,1.49,4.92
31,5.59,1.95,5.15
32,5.62,1.79,5.03
33,5.58,1.72,5.01
34,7.04,1.88,5.37
35,6.97,3.47,4.86
36,4.77,1.6,4.86
37,6.18,2.11,5.02
38,5.42,2.23,5.32
39,6.39,1.94,4.88
40,4.88,1.66,4.88
41,5.41,1.55,4.89
42,5.67,1.9,5.01
43,5.27,1.93,4.88
44,5.69,1.62,4.99
45,5.43,2.18,4.94
46,5.56,1.88,4.88
47,5.48,1.65,5.05
48,5.64,1.61,4.88
49,5.63,1.67,5.1
50,5.72,1.73,5.01
51,5.7,1.65,4.96
52,6.85,1.66,5.28
53,10.05,1.9,5.03
54,5.37,2.07,5.03
55,5.31,2.38,4.92
56,5.93,2.28,5
57,5.75,2.14,5.05
58,5.48,2.29,5.08
59,5.45,2.48,4.98
60,5.77,1.86,5.02
61,5.9,1.72,4.91
62,5.39,1.7,5.1
63,5.43,1.88,4.93
64,5.81,1.85,4.94
65,5.46,2.43,5.22
66,5.74,1.83,4.97
67,5.74,1.92,5.07
68,5.49,1.92,5.01
69,5.54,1.75,4.97
70,5.58,1.7,4.97
71,5.34,2.12,4.97
72,5.86,1.78,4.95
73,6.15,2.28,5.17
74,5.35,2.08,5.17
75,5.51,1.67,4.9
76,5.35,1.55,5.02
77,6.33,1.56,4.93
78,5.85,1.75,4.93
79,5.02,1.62,4.92
80,5.53,1.61,4.91
81,5.5,1.57,4.94
82,5.48,1.57,4.99
83,5.48,1.89,4.8
84,5.79,1.88,4.93
85,6.62,1.73,4.92
86,5.08,2.04,4.92
87,5.76,2.12,5.02
88,5.26,2.01,5.02
89,6.19,1.69,5.13
90,5.3,2.21,5.13
91,5.36,1.8,5.08
92,5.94,1.98,5.01
93,5.46,2.18,5.29
94,5.42,1.98,4.97
95,5.83,2.17,4.95
96,5.29,2.23,5
97,5.61,1.61,4.96
98,5.68,2.11,5
99,5.35,1.77,4.96
100,5.5,1.87,4.98
101,5.43,1.86,4.96
102,5.64,1.54,4.99
103,5.69,1.68,4.96
104,6.45,1.74,5.25
105,5.13,1.59,4.98
106,7.1,1.77,5.14
107,4.55,2.24,5.14
108,5.31,1.57,4.86
109,5.52,1.65,5
110,5.97,1.57,4.95
111,5.34,1.58,4.93
112,5.79,1.57,5.19
113,5.61,1.6,4.97
114,5.55,1.8,5.48
115,6.72,1.51,4.97
116,4.76,1.59,4.98
117,6.05,1.6,4.91
118,5.18,2.11,5.02
119,5.43,1.48,4.96
120,5.95,1.98,4.93
121,5.35,2.26,5.26
122,5.58,1.48,4.96
123,5.29,1.85,4.91
124,6.08,1.5,4.91
125,5.2,1.71,4.91
126,6.16,1.71,4.97
127,4.96,1.45,4.99
128,5.69,1.63,4.89
129,5.5,1.98,5.01
130,5.67,1.64,4.99
131,5.97,1.66,4.98
132,5.61,1.78,5.53
133,5.46,2.08,4.89
134,6.31,2.03,5.27
135,5.13,1.61,5.16
136,5.64,1.58,4.91
137,5.5,1.98,5.02
138,5.27,2.17,4.93
139,5.55,1.6,4.91
140,5.58,1.56,5
141,6.08,1.53,4.97
142,5.17,1.67,5.02
143,5.69,1.7,4.96
144,5.5,1.84,4.96
145,5.46,1.65,5
146,5.61,1.61,4.95
147,5.39,1.62,4.92
148,6.06,1.49,5.02
149,5.55,2.07,5.11
150,6.67,2.08,5.1
151,5.2,1.69,4.97
152,5.61,1.76,4.91
153,5.59,1.74,5.05
154,5.62,2.01,5
155,5.41,1.71,4.98
156,5.36,2.03,4.98
157,5.53,1.69,4.97
158,5.58,1.57,4.99
159,5.52,1.62,5
160,5.41,2.27,5
161,5.8,1.49,4.96
162,5.7,2.22,5.21
163,5.58,1.81,4.89
164,5.4,1.82,4.99
165,5.52,1.45,5.02
166,5.52,1.82,4.93
167,5.6,1.66,5
168,5.51,1.58,4.92
169,5.4,2.07,5.01
170,5.91,2.27,5.05
171,4.95,1.72,4.94
172,6.78,1.58,5.04
173,5.09,1.68,4.99
174,5.56,1.74,5.14
175,6.73,2.16,4.98
176,5.67,1.64,5.41
177,4.95,1.49,4.93
178,5.8,1.54,4.92
179,5.68,1.73,5.02
180,5.41,1.81,5.06
181,6.4,1.76,5.02
182,5.33,1.71,4.97
183,5.77,1.76,5.38
184,7.08,2.23,4.91
185,4.61,1.57,4.91
186,5.03,1.3,4.96
187,5.44,1.57,4.91
188,5.43,1.52,4.95
189,5.43,1.7,4.87
190,6.2,1.75,5.21
191,5.88,2.4,5.41
192,5.37,1.71,5
193,5.46,1.57,4.96
194,5.49,1.62,4.99
195,5.57,1.52,4.97
196,5.51,1.63,4.94
197,6.22,1.41,4.91
198,4.91,1.61,4.91
199,5.35,1.53,4.9
200,5.61,1.58,4.94
201,5.43,2.28,4.9
202,5.5,2.17,5
203,5.73,1.63,4.9
204,5.76,1.82,5.24
205,5.41,2.12,4.99
206,5.45,1.75,4.94
207,6.29,2.03,4.92
208,5.18,1.79,4.92
209,7.02,1.91,4.93
210,4.57,2,4.93
211,5.55,1.76,4.95
212,5.81,1.72,5.04
213,5.39,1.68,5.02
214,4.92,1.43,4.89
215,5.77,1.61,5
216,5.12,1.75,4.93
217,5.56,1.33,4.95
218,6.38,1.63,5.34
219,5.01,1.4,5.07
220,5.75,1.21,4.92
221,5.95,1.51,4.97
222,5.54,1.29,4.92
223,4.76,1.28,4.91
224,5.41,1.42,4.95
225,6.13,1.28,4.9
226,4.94,1.26,4.87
227,6.06,1.53,4.91
228,4.64,1.45,4.94
229,5.62,1.4,4.92
230,5.33,1.34,5.01
231,5.53,1.5,4.96
232,6.09,1.43,4.93
233,5.33,1.71,5.22
234,6.19,1.79,4.97
235,4.61,1.73,4.86
236,5.56,1.49,4.91
237,5.5,1.39,4.93
238,5.48,1.7,4.9
239,5.25,1.89,4.96
240,6.23,1.42,4.98
241,4.59,1.57,4.91
242,5.37,1.41,4.87
243,5.5,1.69,4.91
244,5.44,1.5,4.95
245,5.35,1.37,4.91
246,5.54,1.29,4.89
247,5.63,1.47,5.23
248,5.34,1.29,4.94
249,5.71,1.33,4.92
250,5.11,1.3,4.87
251,5.57,1.37,4.94
252,6.25,1.36,5.03
253,5.44,1.81,5.42
254,5.2,1.5,4.92
255,5.76,1.34,5
256,5.22,1.28,4.91
257,5.41,1.35,4.93
258,5.76,1.39,4.83
259,5.69,1.88,5.01
260,5.49,1.63,5.01
261,6.28,1.81,5.18
262,4.67,1.82,5.04
263,5.49,1.51,5
264,5.7,1.51,4.92
265,5.48,2.11,5.01
266,5.55,1.61,4.98
267,5.29,1.64,4.97
268,6.14,1.78,4.97
269,5.13,1.76,4.93
270,5.58,1.65,4.99
271,5.59,1.71,5.36
272,5.23,1.54,4.93
273,5.51,1.42,4.94
274,5.42,1.29,4.95
275,6.08,1.22,4.92
276,6.32,1.52,5.38
277,4.83,1.9,5.17
278,5.61,1.64,4.98
279,5.22,1.55,4.91
280,6.26,1.38,4.88
281,4.52,1.7,4.86
282,5.6,1.35,5.01
283,5.52,1.23,4.94
284,5.31,1.27,4.92
285,5.41,1.35,4.91
286,5.77,1.27,4.95
287,5.22,1.36,4.93
288,5.46,1.76,4.92
289,5.76,1.23,4.85
290,5.54,1.4,4.96
291,5.47,1.45,4.94
292,5.62,1.28,4.96
293,5.32,1.38,4.97
294,5.57,1.94,4.97
295,5.76,1.43,5.35
296,5.34,1.39,4.89
297,5.45,1.56,4.94
298,5.44,1.22,4.84
299,5.4,1.38,4.94
300,5.47,1.5,4.95
301,5.57,1.46,5.03
302,5.41,1.38,4.91
303,5.48,1.23,4.91
304,6.47,1.63,4.87
305,4.59,2.03,5.16
306,5.63,1.36,4.93
307,6.61,1.58,4.89
308,4.43,1.75,4.89
309,6.04,1.69,4.94
310,5.4,2.06,5
311,5.19,1.66,4.88
312,5.73,1.8,4.88
313,5.63,1.83,5.39
314,5.25,1.67,4.89
315,5.45,1.52,4.92
316,5.42,1.25,4.96
317,6.28,1.33,4.93
318,6.05,1.5,5.12
319,4.53,1.68,5.17
320,5.5,1.34,4.95
321,5.51,1.54,4.89
322,5.36,1.25,4.9
323,5.43,1.4,4.82
324,5.84,1.46,4.96
325,5.89,1.65,4.91
326,4.54,1.86,4.91
327,5.58,1.54,4.96
328,5.29,1.51,4.91
329,5.41,1.31,4.92
330,5.44,1.31,4.92
331,5.35,1.24,4.84
332,5.72,1.27,4.91
333,6.18,1.53,5.12
334,4.58,1.31,4.93
335,5.68,1.31,4.96
336,5.68,1.51,4.94
337,5.49,1.44,5.36
338,5.52,1.34,4.92
339,5.67,1.37,4.96
340,5.66,1.81,4.99
341,5.69,2.07,5.01
342,5.22,2.06,5.02
343,5.27,1.49,4.84
344,5.55,1.36,4.96
345,5.26,1.3,4.96
346,5.47,1.39,4.91
347,5.86,1.35,4.91
348,5.25,1.33,5.17
349,5.39,1.32,4.85
350,5.62,1.35,4.94
351,5.23,1.38,4.86
352,5.52,1.2,4.87
353,5.6,1.52,4.92
354,5.37,1.87,4.92
355,6.04,1.53,5.12
356,5.21,1.61,4.89
357,6.26,1.3,4.98
358,4.94,1.23,4.94
359,5.42,1.36,4.95
360,6.33,1.42,4.93
361,5.59,1.61,4.96
362,5.33,1.83,5.56
363,5.36,1.46,4.94
364,5.5,2.05,4.89
365,5.78,1.79,5.4
366,6.21,1.32,4.85
367,4.68,1.34,4.89
368,5.24,1.44,4.91
369,5.55,1.51,4.88
370,5.36,1.34,4.9
371,5.52,1.42,4.9
372,5.75,1.38,4.86
373,6.03,1.64,4.94
374,4.51,1.48,4.93
375,6.41,1.54,4.89
376,5.06,1.44,5.47
377,5.46,1.8,4.92
378,5.41,1.28,4.84
379,5.3,1.35,4.89
380,5.41,1.45,4.87
381,5.36,1.26,4.85
382,5.42,1.28,4.9
383,5.44,1.27,4.92
384,5.7,1.21,4.97
385,6.09,1.27,4.95
386,4.57,1.33,4.9
387,5.68,1.34,4.91
388,5.32,1.31,4.87
389,5.35,1.58,4.92
390,6.86,1.6,5.11
391,4.39,1.45,4.93
392,5.5,1.3,4.86
393,5.69,1.4,4.92
394,6.12,1.81,4.99
395,5.03,1.55,4.93
396,5.61,1.66,4.97
397,5.8,1.77,5.2
398,5.46,1.53,4.94
399,5.62,1.75,5.18
400,6.26,1.6,4.93
401,4.87,1.79,5.02
402,5.4,1.51,4.95
403,6.1,1.42,4.89
404,5.31,1.94,5.17
405,5.33,1.43,5.23
406,5.45,1.31,4.92
407,5.41,1.38,4.94
408,6.16,1.35,4.96
409,4.73,1.28,4.9
410,5.51,1.35,4.96
411,6.12,1.38,4.91
412,4.86,1.28,4.94
413,5.3,1.38,4.9
414,5.45,1.26,4.83
415,5.66,1.4,4.88
416,5.38,1.72,5.14
417,5.49,1.33,4.93
418,5.83,1.27,4.86
419,5.64,1.41,5.43
420,5.76,1.84,4.9
421,5.64,2.12,4.99
422,4.99,1.55,4.96
423,5.26,1.43,4.89
424,5.51,1.24,4.87
425,5.3,1.35,4.9
426,5.45,1.29,4.91
427,5.84,1.22,4.93
428,5.15,1.49,4.92
429,5.39,1.36,4.89
430,5.47,1.55,4.86
431,5.29,1.4,4.87
432,5.49,1.78,4.87
433,5.87,1.69,4.94
434,5.09,1.47,5.12
435,5.57,1.32,4.93
436,5.64,1.42,4.9
437,5.12,1.32,4.9
438,6.33,1.35,4.92
439,4.64,1.38,4.95
440,5.48,1.43,4.97
441,5.44,1.26,4.91
442,5.6,1.39,4.93
443,5.2,1.62,4.85
444,5.72,1.34,4.91
445,5.57,1.53,4.92
446,5.49,2.05,5
447,5.65,1.97,4.93
448,5.39,1.61,5.23
449,5.43,1.48,4.96
450,5.43,1.5,4.9
451,5.41,1.42,4.92
452,5.31,1.36,4.87
453,5.45,1.31,4.92
454,5.53,1.35,4.96
455,5.3,1.31,4.86
456,5.76,1.29,5
457,6.19,1.62,5.35
458,5.34,1.5,5.15
459,5.42,1.47,4.93
460,6.04,1.41,4.85
461,4.67,1.44,4.91
462,5.93,1.63,5.13
463,5.33,1.77,4.94
464,5.56,1.65,4.97
465,5.53,1.33,4.93
466,5.48,1.33,4.95
467,6.07,1.28,4.87
468,5.5,1.79,4.92
469,4.63,1.35,4.88
470,5.24,1.32,4.82
471,5.46,1.32,4.89
472,5.35,1.29,4.84
473,5.43,1.26,4.91
474,5.63,1.22,4.92
475,6.44,1.32,4.91
476,5.42,1.4,5.17
477,5.43,1.54,5.39
478,6.07,1.33,4.9
479,4.72,1.25,4.91
480,5.3,1.4,4.93
481,5.61,1.38,4.91
482,5.7,1.55,4.93
483,5.15,1.42,4.85
484,5.53,1.29,4.88
485,5.73,1.52,4.91
486,5.86,1.98,5.02
487,4.69,1.81,4.87
488,5.41,1.54,4.88
489,5.31,1.39,4.86
490,5.79,1.26,4.8
491,5.44,1.43,5.16
492,5.35,1.57,4.98
493,5.59,1.75,4.91
494,5.5,1.39,5.15
495,5.62,1.26,4.9
496,5.17,1.33,4.85
497,5.49,1.5,4.95
498,5.53,1.29,4.93
499,6.23,1.37,4.96
500,5.24,1.53,5.36
501,5.96,1.8,4.9
502,4.86,1.51,4.92
503,5.29,1.43,4.87
504,5.49,1.25,4.9
505,5.77,1.41,4.8
506,5.49,1.39,5.18
507,5.27,1.43,4.98
508,6.32,1.48,4.99
509,4.49,1.76,4.87
510,6.32,1.42,4.9
511,4.65,1.26,4.93
512,5.3,1.37,4.91
513,5.56,1.26,4.89
514,5.46,1.29,4.96
515,5.42,1.32,4.84
516,5.58,1.34,4.87
517,6.65,1.46,4.95
518,4.46,1.47,5.31
519,5.83,1.39,4.88
520,5.49,1.34,5.37
521,5.48,1.32,4.98
522,5.43,1.25,4.9
523,5.33,1.39,4.92
524,5.39,1.28,4.93
525,5.96,1.42,4.92
526,6.01,1.75,4.97
527,5.52,1.84,5.06
528,5.39,1.85,4.93
529,5.49,1.78,5.06
530,6.03,1.74,5.01
531,5.84,2.05,4.98
532,4.93,1.77,5.08
533,5.54,1.6,5.03
534,5.56,1.49,5.2
535,5.57,1.49,4.9
536,5.38,1.39,4.91
537,5.41,1.8,4.93
538,6.03,1.3,4.88
539,4.8,1.31,4.9
540,6.05,1.47,4.93
541,4.77,1.24,4.93
542,5.98,1.39,4.99
543,5.27,1.64,4.98
544,5.39,1.52,4.95
545,5.48,1.95,4.96
546,5.45,1.4,4.9
547,6.96,1.82,5.38
548,4.8,1.82,5.33
549,5.34,1.48,5.01
550,5.58,1.16,4.94
551,5.29,1.32,4.85
552,5.38,1.31,4.93
553,6.34,1.16,4.92
554,4.61,1.44,4.92
555,5.43,1.41,4.96
556,5.49,1.22,4.89
557,5.36,1.25,4.9
558,5.61,1.27,4.97
559,5.94,1.47,4.93
560,5.17,2.19,4.82
561,6.15,1.36,4.91
562,6.43,1.24,4.93
563,5.37,2.22,5.2
564,5.28,2.22,5.22
565,5.31,1.52,4.89
566,5.34,1.28,4.93
567,5.48,1.29,4.93
568,5.41,1.37,4.92
569,6.08,1.37,4.93
570,4.69,1.3,4.85
571,5.47,1.43,4.88
572,5.34,1.3,4.88
573,6.2,1.25,4.83
574,4.75,1.25,4.83
575,5.98,1.43,4.93
576,5.36,1.23,4.92
577,5.79,1.59,5.69
578,5.32,1.57,4.89
579,5.61,1.71,4.96
580,5.25,1.3,4.9
581,5.33,1.69,4.86
582,5.45,1.27,4.91
583,5.48,1.31,4.94
584,5.3,1.26,4.79
585,5.54,1.29,4.85
586,5.45,1.44,4.97
587,5.44,1.54,4.87
588,5.38,1.37,4.97
589,5.26,1.51,4.88
590,5.3,1.33,4.83
591,6.18,1.28,5.05
592,5.22,1.51,4.95
593,6.13,1.43,4.88
594,5.27,1.33,4.84
595,5.55,1.73,4.94
596,5.46,1.3,4.9
597,5.28,1.56,4.93
598,5.59,1.29,4.95
599,5.53,1.25,4.84
