frame,x_cm,y_cm,z_cm
0,-15500.0,81654.1,3631596.4
1,-15500.0,81654.1,3631596.4
2,-15500.0,81654.1,3631596.4
3,-15500.0,81654.1,3631596.4
4,-15500.0,81654.1,3631596.4
5,-15500.0,81654.1,3631596.4
6,-15500.0,81654.1,3631596.4
7,-15500.0,81654.1,3631596.4
8,-15500.0,81654.1,3631596.4
9,-15500.0,81654.1,3631596.4
10,-15500.0,81654.1,3631596.4
11,-15500.0,81654.1,3631596.4
12,-15500.0,81654.1,3631596.4
13,-15500.0,81654.1,3631596.4
14,-15500.0,81654.1,3631596.4
15,-15500.0,81654.1,3631596.4
16,-15500.0,81654.1,3631596.4
17,-15500.0,81654.1,3631596.4
18,-15500.0,81654.1,3631596.4
19,-15500.0,81654.1,3631596.4
20,-15500.0,81654.1,3631596.4
21,-15500.0,81654.1,3631596.4
22,-15500.0,81654.1,3631596.4
23,-15500.0,81654.1,3631596.4
24,-15500.0,81654.1,3631596.4
25,-15500.0,81654.1,3631596.4
26,-15500.0,81654.1,3631596.4
27,-15500.0,81654.1,3631596.4
28,-15500.0,81654.1,3631596.4
29,-15500.0,81654.1,3631596.4
30,-15500.0,81654.1,3631596.4
31,-15500.0,81654.1,3631596.4
32,-15500.0,81654.1,3631596.4
33,-15500.0,81654.1,3631596.4
34,-15500.0,81654.1,3631596.4
35,-15500.0,81654.1,3631596.4
36,-15500.0,81654.1,3631596.4
37,-15500.0,81654.1,3631596.4
38,-15500.0,81654.1,3631596.4
39,-15500.0,81654.1,3631596.4
40,-15500.0,81654.1,3631596.4
41,-15500.0,81654.1,3631596.4
42,-15500.0,81654.1,3631596.4
43,-15500.0,81654.1,3631596.4
44,-15500.0,81654.1,3631596.4
45,-15500.0,81654.1,3631596.4
46,-15500.0,81654.1,3631596.4
47,-15500.0,81654.1,3631596.4
48,-15500.0,81654.1,3631596.4
49,-15500.0,81654.1,3631596.4
50,-15500.0,81654.1,3631596.4
51,-15500.0,81654.1,3631596.4
52,-15500.0,81654.1,3631596.4
53,-15500.0,81654.1,3631596.4
54,-15500.0,81654.1,3631596.4
55,-15500.0,81654.1,3631596.4
56,-15500.0,81654.1,3631596.4
57,-15500.0,81654.1,3631596.4
58,-15500.0,81654.1,3631596.4
59,-15500.0,81654.1,3631596.4
60,-15500.0,81654.1,3631596.4
61,-15500.0,81654.1,3631596.4
62,-15500.0,81654.1,3631596.4
63,-15500.0,81654.1,3631596.4
64,-15500.0,81654.1,3631596.4
65,-15500.0,81654.1,3631596.4
66,-15500.0,81654.1,3631596.4
67,-15500.0,81654.1,3631596.4
68,-15500.0,81654.1,3631596.4
69,-15500.0,81654.1,3631596.4
70,-15500.0,81654.1,3631596.4
71,-15500.0,81654.1,3631596.4
72,-15500.0,81654.1,3631596.4
73,-15500.0,81654.1,3631596.4
74,-15500.0,81654.1,3631596.4
75,-15500.0,81654.1,3631596.4
76,-15500.0,81654.1,3631596.4
77,-15500.0,81654.1,3631596.4
78,-15500.0,81654.1,3631596.4
79,-15500.0,81654.1,3631596.4
80,-15500.0,81654.1,3631596.4
81,-15500.0,81654.1,3631596.4
82,-15500.0,81654.1,3631596.4
83,-15500.0,81654.1,3631596.4
84,-15500.0,81654.1,3631596.4
85,-15500.0,81654.1,3631596.4
86,-15500.0,81654.1,3631596.4
87,-15500.0,81654.1,3631596.4
88,-15500.0,81654.1,3631596.4
89,-15500.0,81654.1,3631596.4
90,-15500.0,81654.1,3631596.4
91,-15500.0,81654.1,3631596.4
92,-15500.0,81654.1,3631596.4
93,-15500.0,81654.1,3631596.4
94,-15500.0,81654.1,3631596.4
95,-15500.0,81654.1,3631596.4
96,-15500.0,81654.1,3631596.4
97,-15500.0,81654.1,3631596.4
98,-15500.0,81654.1,3631596.4
99,-15500.0,81654.1,3631596.4
100,-15500.0,81654.1,3631596.4
101,-15500.0,81654.1,3631596.4
102,-15500.0,81654.1,3631596.4
103,-15500.0,81654.1,3631596.4
104,-15500.0,81654.1,3631596.4
105,-15500.0,81654.1,3631596.4
106,-15500.0,81654.1,3631596.4
107,-15500.0,81654.1,3631596.4
108,-15500.0,81654.1,3631596.4
109,-15500.0,81654.1,3631596.4
110,-15500.0,81654.1,3631596.4
111,-15500.0,81654.1,3631596.4
112,-15500.0,81654.1,3631596.4
113,-15500.0,81654.1,3631596.4
114,-15500.0,81654.1,3631596.4
115,-15500.0,81654.1,3631596.4
116,-15500.0,81654.1,3631596.4
117,-15500.0,81654.1,3631596.4
118,-15500.0,81654.1,3631596.4
119,-15500.0,81654.1,3631596.4
120,-15500.0,81654.1,3631596.4
121,-15500.0,81654.1,3631596.4
122,-15500.0,81654.1,3631596.4
123,-15500.0,81654.1,3631596.4
124,-15500.0,81654.1,3631596.4
125,-15500.0,81654.1,3631596.4
126,-15500.0,81654.1,3631596.4
127,-15500.0,81654.1,3631596.4
128,-15500.0,81654.1,3631596.4
129,-15500.0,81654.1,3631596.4
130,-15500.0,81654.1,3631596.4
131,-15500.0,81654.1,3631596.4
132,-15500.0,81654.1,3631596.4
133,-15500.0,81654.1,3631596.4
134,-15500.0,81654.1,3631596.4
135,-15500.0,81654.1,3631596.4
136,-15500.0,81654.1,3631596.4
137,-15500.0,81654.1,3631596.4
138,-15500.0,81654.1,3631596.4
139,-15500.0,81654.1,3631596.4
140,-15500.0,81654.1,3631596.4
