flight,acquired_utc,acquired_pdt,perimeter_ac,intense_ac,scattered_ac,isolated_n
20260808_ThreeQueens_IR.kmz,2026-08-08T06:11:00+00:00,2026-08-07 23:11,1074,379,671,20
20260809_ThreeQueens_IR.kmz,2026-08-09T04:32:00+00:00,2026-08-08 21:32,1907,1136,762,49
20260810_ThreeQueens_IR.kmz,2026-08-10T04:22:00+00:00,2026-08-09 21:22,2477,1035,1403,29
20260811_ThreeQueens_IR.kmz,2026-08-11T05:10:00+00:00,2026-08-10 22:10,2922,660,2250,71
20260812_ThreeQueens_IR.kmz,2026-08-12T05:47:00+00:00,2026-08-11 22:47,3304,558,2633,77
20260813_ThreeQueens_IR.kmz,2026-08-13T04:48:00+00:00,2026-08-12 21:48,3533,435,3083,36
20260814_Three_Queens_IR.kmz,2026-08-14T06:10:00+00:00,2026-08-13 23:10,3599,202,1844,218
20260815_Three_Queens_IR.kmz,2026-08-15T04:58:00+00:00,2026-08-14 21:58,3602,0,1518,304
20260817_Three_Queens_IR.kmz,2026-08-17T05:39:00+00:00,2026-08-16 22:39,3635,18,1167,339
20260818_Three_Queens_IR.kmz,2026-08-18T04:02:00+00:00,2026-08-17 21:02,3725,58,650,501
20260819_Three_Queens_IR.kmz,2026-08-19T07:43:00+00:00,2026-08-19 00:43,3792,107,551,599
20260820_Three_Queens_IR.kmz,2026-08-20T05:11:00+00:00,2026-08-19 22:11,3848,105,1255,503
20260822_Three_Queens_IR.kmz,2026-08-22T04:42:00+00:00,2026-08-21 21:42,6377,2191,681,267
20260823_Three_Queens_IR.kmz,2026-08-23T04:26:00+00:00,2026-08-22 21:26,6703,950,3336,148
20260824_Three_Queens_IR.kmz,2026-08-24T03:06:00+00:00,2026-08-23 20:06,6967,318,3075,317
20260825_Three_Queens_IR.kmz,2026-08-25T02:30:00+00:00,2026-08-24 19:30,7282,1152,4490,509
20260826_Three_Queens_IR.kmz,2026-08-26T07:32:00+00:00,2026-08-26 00:32,7755,716,5712,317
20260827_Three_Queens_IR.kmz,2026-08-27T03:51:00+00:00,2026-08-26 20:51,8239,906,5864,372
20260828_ThreeQueens_IR.kmz,2026-08-28T08:10:00+00:00,2026-08-28 01:10,8493,381,7261,87
20260829_ThreeQueens_IR.gdb.kmz,2026-08-29T08:41:00+00:00,2026-08-29 01:41,8593,414,4268,316
20260831_ThreeQueens_IR.gdb.kmz,2026-09-01T02:57:00+00:00,2026-08-31 19:57,8744,379,8226,68
20260901_ThreeQueens_IR.gdb.kmz,2026-09-02T05:15:00+00:00,2026-09-01 22:15,9346,62,5100,556
20260902_ThreeQueens_IR.kmz,2026-09-03T05:00:00+00:00,2026-09-02 22:00,9362,0,2294,308
20260905_Three_Queens_IR.kmz,2026-09-05T08:51:00+00:00,2026-09-05 01:51,9438,3,4146,19
20260908_Three_Queens_IR.kmz,2026-09-08T07:12:00+00:00,2026-09-08 00:12,9497,0,4655,20
20260909_Three_Queens_IR.kmz,2026-09-09T05:45:00+00:00,2026-09-08 22:45,9515,0,4897,119
20260911_Three_Queens_IR.kmz,2026-09-11T14:05:00+00:00,2026-09-11 07:05,9523,6,1752,453
20260914_ThreeQueens_IR.kmz,2026-09-15T05:00:00+00:00,2026-09-14 22:00,9554,0,1257,1227
20260917_ThreeQueens_King_Goat_IR.kmz,2026-09-17T05:26:00+00:00,2026-09-16 22:26,9559,0,713,677
20260919_Three_Queens_IR.kmz,2026-09-19T04:29:00+00:00,2026-09-18 21:29,9562,6,951,667
20260921_Three_Queens_IR.kmz,2026-09-21T05:06:00+00:00,2026-09-20 22:06,9568,0,1268,812
